{"model/MACs_G":6.802493952,"model/FLOPs_G":13.842321376,"_wandb":{"runtime":53},"model/params_M":2.133102}